title,author,date,raw_region,type
记录我在霍巴特钓过的🐟,地未衣来,2025-12-04,"region [ref=68] ""记录我在霍巴特钓过的🐟 10""",xiaohongshu_search
大风大浪大鱿鱼,爱学习的路亚小学生,2025-12-09,"region [ref=73] ""大风大浪大鱿鱼 50""",xiaohongshu_search
塔州Kingfish,Talking to the 慕,2024-03-23,"region [ref=78] ""塔州Kingfish 48""",xiaohongshu_search
霍巴特路亚日常,爱学习的路亚小学生,01-21,"region [ref=93] ""霍巴特路亚日常 27""",xiaohongshu_search
塔州霍巴特｜钓鱼佬每周末早出晚归鱼获大赏,Danlulu,2024-09-11,"region [ref=98] ""塔州霍巴特｜钓鱼佬每周末早出晚归鱼获大赏 17""",xiaohongshu_search
鱿鱼杆拉澳三,爱学习的路亚小学生,03-03,"region [ref=103] ""鱿鱼杆拉澳三 18""",xiaohongshu_search
钓鱼嘛 哪有不空军的时候！🙂‍↔️,爱打龟🐢的拍崽,2024-11-02,"region [ref=108] ""钓鱼嘛 哪有不空军的时候！🙂‍↔️ 19""",xiaohongshu_search
塔斯马尼亚 霍巴特海钓,冷漠的Oscar,2025-10-02,"region [ref=113] ""塔斯马尼亚 霍巴特海钓 9""",xiaohongshu_search
今年鱼获满满啊,村里的孩子,2025-02-12,"region [ref=123] ""今年鱼获满满啊 15""",xiaohongshu_search
🎣🏔 塔州钓鱼,Aria 爱吃鱼,2025-08-09,"region [ref=134] ""🎣🏔 塔州钓鱼 30""",xiaohongshu_search
