url,title,author,date_text,engagement_text,raw_text,type,image_url
,塔州Kingfish,Talking to the 慕,2024-03-23,,"塔州Kingfish
Talking to the 慕
2024-03-23",xiaohongshu_search,
,记录我在霍巴特钓过的🐟,地未衣来,2025-12-04,,"记录我在霍巴特钓过的🐟
地未衣来
2025-12-04",xiaohongshu_search,
,🎣塔州钓友们，球球留下你们的最佳钓点！,糯米甜酒,2024-04-10,,"🎣塔州钓友们，球球留下你们的最佳钓点！
糯米甜酒
2024-04-10",xiaohongshu_search,
,大风大浪大鱿鱼,爱学习的路亚小学生,2025-12-09,,"大风大浪大鱿鱼
爱学习的路亚小学生
2025-12-09",xiaohongshu_search,
,塔州霍巴特｜钓鱼佬每周末早出晚归鱼获大赏,Danlulu,2024-09-11,,"塔州霍巴特｜钓鱼佬每周末早出晚归鱼获大赏
Danlulu
2024-09-11",xiaohongshu_search,
,塔斯马尼亚 霍巴特海钓,冷漠的Oscar,2025-10-02,,"塔斯马尼亚 霍巴特海钓
冷漠的Oscar
2025-10-02",xiaohongshu_search,
,霍巴特路亚日常,爱学习的路亚小学生,01-21,,"霍巴特路亚日常
爱学习的路亚小学生
01-21",xiaohongshu_search,
,鱿鱼杆拉澳三,爱学习的路亚小学生,03-03,,"鱿鱼杆拉澳三
爱学习的路亚小学生
03-03",xiaohongshu_search,
